Company,Symbol,Sector,Subsector,Segment,B3 Segment
524 Particip,QVQP3B,Financeiro,Outros,Outros,Balcão Organizado
Abc Brasil,ABCB4,Financeiro,Intermediários financeiros,Bancos,Nível 2
Aco Altona,EALT3,Bens industriais,Máquinas e equipamentos,Máq. e equip. construção e agrícolas,Tradicional
Aco Altona,EALT4,Bens industriais,Máquinas e equipamentos,Máq. e equip. construção e agrícolas,Tradicional
Advanced-Dh,ADHM3,Saúde,Serviços médico-hospitalares análises e diagnósticos,Serviços médico-hospitalares análises e diagnósticos,Tradicional
AES Tiete E,TIET3,Utilidade pública,Energia elétrica,Energia elétrica,Nível 2
AES Tiete E,TIET4,Utilidade pública,Energia elétrica,Energia elétrica,Nível 2
AES Tiete E,TIET11,Utilidade pública,Energia elétrica,Energia elétrica,Nível 2
Afluente T,AFLT3,Utilidade pública,Energia elétrica,Energia elétrica,Tradicional
Alef SA,ALEF3B,Financeiro,Outros,Outros,Balcão Organizado
Alfa Consorc,BRGE3,Financeiro,Previdência e seguros,Bancos,Tradicional
Alfa Consorc,BRGE5,Financeiro,Previdência e seguros,Bancos,Tradicional
Alfa Consorc,BRGE6,Financeiro,Previdência e seguros,Bancos,Tradicional
Alfa Consorc,BRGE7,Financeiro,Previdência e seguros,Bancos,Tradicional
Alfa Consorc,BRGE8,Financeiro,Previdência e seguros,Bancos,Tradicional
Alfa Consorc,BRGE11,Financeiro,Previdência e seguros,Bancos,Tradicional
Alfa Consorc,BRGE12,Financeiro,Previdência e seguros,Bancos,Tradicional
Alfa Financ,CRIV3,Financeiro,Intermediários financeiros,Soc. crédito e financiamento,Tradicional
Alfa Financ,CRIV4,Financeiro,Intermediários financeiros,Soc. crédito e financiamento,Tradicional
Alfa Holding,RPAD3,Financeiro,Intermediários financeiros,Bancos,Tradicional
Alfa Holding,RPAD5,Financeiro,Intermediários financeiros,Bancos,Tradicional
Alfa Holding,RPAD6,Financeiro,Intermediários financeiros,Bancos,Tradicional
Alfa Invest,BRIV3,Financeiro,Intermediários financeiros,Bancos,Tradicional
Alfa Invest,BRIV4,Financeiro,Intermediários financeiros,Bancos,Tradicional
Alianscsonae,ALSO3,Financeiro,Exploração de imóveis,Exploração de imóveis,Novo Mercado
Aliperti,APTI3,Financeiro,Agropecuária,Holdings diversificadas,Tradicional
Aliperti,APTI4,Financeiro,Agropecuária,Holdings diversificadas,Tradicional
All Norte,FRRN3B,Bens industriais,Transporte,Transporte ferroviário,Balcão Organizado
All Norte,FRRN5B,Bens industriais,Transporte,Transporte ferroviário,Balcão Organizado
All Norte,FRRN6B,Bens industriais,Transporte,Transporte ferroviário,Balcão Organizado
Alliar,AALR3,Saúde,Serviços médico-hospitalares análises e diagnósticos,Serviços médico-hospitalares análises e diagnósticos,Novo Mercado
Alpargatas,ALPA3,Consumo cíclico,Tecidos vestuário e calçados,Calçados,Nível 1
Alpargatas,ALPA4,Consumo cíclico,Tecidos vestuário e calçados,Calçados,Nível 1
Alper SA,APER3,Financeiro,Previdência e seguros,Corretoras de seguros,Novo Mercado
Alupar,ALUP3,Utilidade pública,Energia elétrica,Energia elétrica,Nível 2
Alupar,ALUP4,Utilidade pública,Energia elétrica,Energia elétrica,Nível 2
Alupar,ALUP11,Utilidade pública,Energia elétrica,Energia elétrica,Nível 2
Amazonia,BAZA3,Financeiro,Intermediários financeiros,Bancos,Tradicional
Ambev SA,ABEV3,Consumo não cíclico,Bebidas,Cervejas e refrigerantes,Tradicional
Ampla Energ,CBEE3,Utilidade pública,Energia elétrica,Energia elétrica,Tradicional
Anima,ANIM3,Consumo cíclico,Diversos,Serviços educacionais,Novo Mercado
Arezzo Co,ARZZ3,Consumo cíclico,Comércio,Tecidos vestuário e calçados,Novo Mercado
Atompar,ATOM3,Financeiro,Outros,Outros,Tradicional
Azevedo,AZEV3,Bens industriais,Construção e engenharia,Construção pesada,Tradicional
Azevedo,AZEV4,Bens industriais,Construção e engenharia,Construção pesada,Tradicional
Azul SA,AZUL4,Bens industriais,Transporte,Transporte aéreo,Nível 2
B2W Digital,BTOW3,Consumo cíclico,Comércio,Produtos diversos,Novo Mercado
B3,B3SA3,Financeiro,Serviços financeiros diversos,Serviços financeiros diversos,Novo Mercado
Bahema,BAHI3,Financeiro,Diversos,Holdings diversificadas,Bovespa Mais
Banco BMG,BMGB4,Financeiro,Intermediários financeiros,Bancos,Nível 1
Banco Inter,BIDI3,Financeiro,Intermediários financeiros,Bancos,Nível 2
Banco Inter,BIDI4,Financeiro,Intermediários financeiros,Bancos,Nível 2
Banco Inter,BIDI11,Financeiro,Intermediários financeiros,Bancos,Nível 2
Banco Pan,BPAN4,Financeiro,Intermediários financeiros,Bancos,Nível 1
Banese,BGIP3,Financeiro,Intermediários financeiros,Bancos,Tradicional
Banese,BGIP4,Financeiro,Intermediários financeiros,Bancos,Tradicional
Banestes,BEES3,Financeiro,Intermediários financeiros,Bancos,Tradicional
Banestes,BEES4,Financeiro,Intermediários financeiros,Bancos,Tradicional
Banpara,BPAR3,Financeiro,Intermediários financeiros,Bancos,Tradicional
Banrisul,BRSR3,Financeiro,Intermediários financeiros,Bancos,Nível 1
Banrisul,BRSR5,Financeiro,Intermediários financeiros,Bancos,Nível 1
Banrisul,BRSR6,Financeiro,Intermediários financeiros,Bancos,Nível 1
Bardella,BDLL3,Bens industriais,Máquinas e equipamentos,Máq. e equip. industriais,Tradicional
Bardella,BDLL4,Bens industriais,Máquinas e equipamentos,Máq. e equip. industriais,Tradicional
Battistella,BTTL3,Financeiro,Comércio,Holdings diversificadas,Tradicional
Baumer,BALM3,Saúde,Equipamentos,Equipamentos,Tradicional
Baumer,BALM4,Saúde,Equipamentos,Equipamentos,Tradicional
Bbmlogistica,BBML3,Bens industriais,Serviços diversos,Serviços diversos,Bovespa Mais
BBSeguridade,BBSE3,Financeiro,Previdência e seguros,Seguradoras,Novo Mercado
Betapart,BETP3B,Financeiro,Outros,Outros,Balcão Organizado
Bic Monark,BMKS3,Consumo cíclico,Viagens e lazer,Bicicletas,Tradicional
Biomm,BIOM3,Saúde,Medicamentos e outros produtos,Medicamentos e outros produtos,Bovespa Mais
Biosev,BSEV3,Consumo não cíclico,Alimentos processados,Açúcar e álcool,Novo Mercado
Biotoscana,GBIO33,Saúde,Medicamentos e outros produtos,Medicamentos e outros produtos,BDR nível 3
Bk Brasil,BKBR3,Consumo cíclico,Hotéis e restaurantes,Restaurante e similares,Novo Mercado
Bombril,BOBR3,Consumo não cíclico,Produtos de uso pessoal e de limpeza,Produtos de limpeza,Tradicional
Bombril,BOBR4,Consumo não cíclico,Produtos de uso pessoal e de limpeza,Produtos de limpeza,Tradicional
BR Brokers,BBRK3,Financeiro,Exploração de imóveis,Intermediação imobiliária,Novo Mercado
BR Malls Par,BRML3,Financeiro,Exploração de imóveis,Exploração de imóveis,Novo Mercado
BR Propert,BRPR3,Financeiro,Exploração de imóveis,Exploração de imóveis,Novo Mercado
Bradesco,BBDC3,Financeiro,Intermediários financeiros,Bancos,Nível 1
Bradesco,BBDC4,Financeiro,Intermediários financeiros,Bancos,Nível 1
Bradespar,BRAP3,Materiais básicos,Mineração,Minerais metálicos,Nível 1
Bradespar,BRAP4,Materiais básicos,Mineração,Minerais metálicos,Nível 1
Brasil,BBAS3,Financeiro,Intermediários financeiros,Bancos,Novo Mercado
Brasilagro,AGRO3,Consumo não cíclico,Agropecuária,Agricultura,Novo Mercado
Braskem,BRKM3,Materiais básicos,Químicos,Petroquímicos,Nível 1
Braskem,BRKM5,Materiais básicos,Químicos,Petroquímicos,Nível 1
Braskem,BRKM6,Materiais básicos,Químicos,Petroquímicos,Nível 1
BRB Banco,BSLI3,Financeiro,Intermediários financeiros,Bancos,Tradicional
BRB Banco,BSLI4,Financeiro,Intermediários financeiros,Bancos,Tradicional
BRF SA,BRFS3,Consumo não cíclico,Alimentos processados,Carnes e derivados,Novo Mercado
Brq,BRQB3,Tecnologia da informação,Programas e serviços,Programas e serviços,Bovespa Mais
Btgp Banco,BPAC3,Financeiro,Intermediários financeiros,Bancos,Nível 2
Btgp Banco,BPAC5,Financeiro,Intermediários financeiros,Bancos,Nível 2
Btgp Banco,BPAC11,Financeiro,Intermediários financeiros,Bancos,Nível 2
Cabinda Part,CABI3B,Financeiro,Outros,Outros,Balcão Organizado
Caconde Part,CACO3B,Financeiro,Outros,Outros,Balcão Organizado
Cambuci,CAMB3,Consumo cíclico,Tecidos vestuário e calçados,Calçados,Tradicional
Camil,CAML3,Consumo não cíclico,Alimentos processados,Alimentos diversos,Novo Mercado
Capitalpart,CPTP3B,Financeiro,Outros,Outros,Balcão Organizado
Carrefour BR,CRFB3,Consumo não cíclico,Comércio e distribuição,Alimentos,Novo Mercado
Casan,CASN3,Utilidade pública,Água e saneamento,Água e saneamento,Tradicional
Casan,CASN4,Utilidade pública,Água e saneamento,Água e saneamento,Tradicional
CCR SA,CCRO3,Bens industriais,Transporte,Exploração de rodovias,Novo Mercado
Ccx Carvao,CCXC3,Outros,Outros,Minerais não metálicos,Novo Mercado
Cea Modas,CEAB3,Consumo cíclico,Comércio,Tecidos vestuário e calçados,Novo Mercado
Ceb,CEBR3,Utilidade pública,Energia elétrica,Energia elétrica,Tradicional
Ceb,CEBR5,Utilidade pública,Energia elétrica,Energia elétrica,Tradicional
Ceb,CEBR6,Utilidade pública,Energia elétrica,Energia elétrica,Tradicional
Cedro,CEDO3,Consumo cíclico,Tecidos vestuário e calçados,Fios e tecidos,Nível 1
Cedro,CEDO4,Consumo cíclico,Tecidos vestuário e calçados,Fios e tecidos,Nível 1
Ceee D,CEED3,Utilidade pública,Energia elétrica,Energia elétrica,Nível 1
Ceee D,CEED4,Utilidade pública,Energia elétrica,Energia elétrica,Nível 1
Ceee Gt,EEEL3,Utilidade pública,Energia elétrica,Energia elétrica,Nível 1
Ceee Gt,EEEL4,Utilidade pública,Energia elétrica,Energia elétrica,Nível 1
Ceg,CEGR3,Utilidade pública,Gás,Gás,Tradicional
Celesc,CLSC3,Utilidade pública,Energia elétrica,Energia elétrica,Nível 2
Celesc,CLSC4,Utilidade pública,Energia elétrica,Energia elétrica,Nível 2
Celgpar,GPAR3,Utilidade pública,Energia elétrica,Energia elétrica,Tradicional
Celpe,CEPE3,Utilidade pública,Energia elétrica,Energia elétrica,Tradicional
Celpe,CEPE5,Utilidade pública,Energia elétrica,Energia elétrica,Tradicional
Celpe,CEPE6,Utilidade pública,Energia elétrica,Energia elétrica,Tradicional
Celul Irani,RANI3,Materiais básicos,Madeira e papel,Papel e celulose,Tradicional
Celul Irani,RANI4,Materiais básicos,Madeira e papel,Papel e celulose,Tradicional
Cemepe,MAPT3,Financeiro,Outros,Outros,Tradicional
Cemepe,MAPT4,Financeiro,Outros,Outros,Tradicional
Cemig,CMIG3,Utilidade pública,Energia elétrica,Energia elétrica,Nível 1
Cemig,CMIG4,Utilidade pública,Energia elétrica,Energia elétrica,Nível 1
Centauro,CNTO3,Consumo cíclico,Comércio,Produtos diversos,Novo Mercado
Cesp,CESP3,Utilidade pública,Energia elétrica,Energia elétrica,Nível 1
Cesp,CESP5,Utilidade pública,Energia elétrica,Energia elétrica,Nível 1
Cesp,CESP6,Utilidade pública,Energia elétrica,Energia elétrica,Nível 1
Cia Hering,HGTX3,Consumo cíclico,Tecidos vestuário e calçados,Vestuário,Novo Mercado
Cielo,CIEL3,Financeiro,Serviços financeiros diversos,Serviços financeiros diversos,Novo Mercado
Cims,CMSA3,Financeiro,Outros,Outros,Tradicional
Cims,CMSA4,Financeiro,Outros,Outros,Tradicional
Cinesystem,CNSY3,Comunicações,Mídia,Produção e difusão de filmes e programas,Bovespa Mais
Coelba,CEEB3,Utilidade pública,Energia elétrica,Energia elétrica,Tradicional
Coelba,CEEB5,Utilidade pública,Energia elétrica,Energia elétrica,Tradicional
Coelba,CEEB6,Utilidade pública,Energia elétrica,Energia elétrica,Tradicional
Coelce,COCE3,Utilidade pública,Energia elétrica,Energia elétrica,Tradicional
Coelce,COCE5,Utilidade pública,Energia elétrica,Energia elétrica,Tradicional
Coelce,COCE6,Utilidade pública,Energia elétrica,Energia elétrica,Tradicional
Cogna ON,COGN3,Consumo cíclico,Diversos,Serviços educacionais,Novo Mercado
Comgas,CGAS3,Utilidade pública,Gás,Gás,Tradicional
Comgas,CGAS5,Utilidade pública,Gás,Gás,Tradicional
Conc Rio Ter,CRTE3B,Bens industriais,Transporte,Exploração de rodovias,Balcão Organizado
Conc Rio Ter,CRTE5B,Bens industriais,Transporte,Exploração de rodovias,Balcão Organizado
Const A Lind,CALI3,Consumo cíclico,Construção civil,Incorporações,Tradicional
Const A Lind,CALI4,Consumo cíclico,Construção civil,Incorporações,Tradicional
Copasa,CSMG3,Utilidade pública,Água e saneamento,Água e saneamento,Novo Mercado
Copel,CPLE3,Utilidade pública,Energia elétrica,Energia elétrica,Nível 1
Copel,CPLE5,Utilidade pública,Energia elétrica,Energia elétrica,Nível 1
Copel,CPLE6,Utilidade pública,Energia elétrica,Energia elétrica,Nível 1
Cor Ribeiro,CORR3,Financeiro,Exploração de imóveis,Exploração de imóveis,Tradicional
Cor Ribeiro,CORR4,Financeiro,Exploração de imóveis,Exploração de imóveis,Tradicional
Cosan,CSAN3,Petróleo gás e biocombustíveis,Petróleo gás e biocombustíveis,Exploração refino e distribuição,Novo Mercado
Cosan Log,RLOG3,Bens industriais,Transporte,Transporte ferroviário,Novo Mercado
Cosern,CSRN3,Utilidade pública,Energia elétrica,Energia elétrica,Tradicional
Cosern,CSRN5,Utilidade pública,Energia elétrica,Energia elétrica,Tradicional
Cosern,CSRN6,Utilidade pública,Energia elétrica,Energia elétrica,Tradicional
Coteminas,CTNM3,Consumo cíclico,Tecidos vestuário e calçados,Fios e tecidos,Tradicional
Coteminas,CTNM4,Consumo cíclico,Tecidos vestuário e calçados,Fios e tecidos,Tradicional
CPFL Energia,CPFE3,Utilidade pública,Energia elétrica,Energia elétrica,Novo Mercado
CPFL Renovav,CPRE3,Utilidade pública,Energia elétrica,Energia elétrica,Novo Mercado
Cr2,CRDE3,Consumo cíclico,Construção civil,Incorporações,Novo Mercado
Cristal,CRPG3,Materiais básicos,Químicos,Químicos diversos,Tradicional
Cristal,CRPG5,Materiais básicos,Químicos,Químicos diversos,Tradicional
Cristal,CRPG6,Materiais básicos,Químicos,Químicos diversos,Tradicional
Csu Cardsyst,CARD3,Bens industriais,Serviços diversos,Serviços diversos,Novo Mercado
Ctc S.A.,CTCA3,Consumo não cíclico,Agropecuária,Agricultura,Bovespa Mais
Cvc Brasil,CVCB3,Consumo cíclico,Viagens e lazer,Viagens e turismo,Novo Mercado
Cyre ComCcp,CCPR3,Financeiro,Exploração de imóveis,Exploração de imóveis,Novo Mercado
Cyrela Realt,CYRE3,Consumo cíclico,Construção civil,Incorporações,Novo Mercado
Dasa,DASA3,Saúde,Serviços médico-hospitalares análises e diagnósticos,Serviços médico-hospitalares análises e diagnósticos,Tradicional
Dimed,PNVL3,Saúde,Comércio e distribuição,Medicamentos e outros produtos,Tradicional
Dimed,PNVL4,Saúde,Comércio e distribuição,Medicamentos e outros produtos,Tradicional
Direcional,DIRR3,Consumo cíclico,Construção civil,Incorporações,Novo Mercado
Dohler,DOHL3,Consumo cíclico,Tecidos vestuário e calçados,Fios e tecidos,Tradicional
Dohler,DOHL4,Consumo cíclico,Tecidos vestuário e calçados,Fios e tecidos,Tradicional
Dommo,DMMO3,Petróleo gás e biocombustíveis,Petróleo gás e biocombustíveis,Exploração refino e distribuição,Tradicional
Dtcom Direct,DTCY3,Bens industriais,Serviços diversos,Serviços diversos,Tradicional
Dtcom Direct,DTCY4,Bens industriais,Serviços diversos,Serviços diversos,Tradicional
Duratex,DTEX3,Materiais básicos,Madeira e papel,Madeira,Novo Mercado
Ecorodovias,ECOR3,Bens industriais,Transporte,Exploração de rodovias,Novo Mercado
Elekeiroz,ELEK3,Materiais básicos,Químicos,Petroquímicos,Tradicional
Elekeiroz,ELEK4,Materiais básicos,Químicos,Petroquímicos,Tradicional
Elektro,EKTR3,Utilidade pública,Energia elétrica,Energia elétrica,Tradicional
Elektro,EKTR4,Utilidade pública,Energia elétrica,Energia elétrica,Tradicional
Eletrobras,ELET3,Utilidade pública,Energia elétrica,Energia elétrica,Nível 1
Eletrobras,ELET5,Utilidade pública,Energia elétrica,Energia elétrica,Nível 1
Eletrobras,ELET6,Utilidade pública,Energia elétrica,Energia elétrica,Nível 1
Eletron,ETRO3B,Financeiro,Outros,Outros,Balcão Organizado
Eletropar,LIPR3,Utilidade pública,Energia elétrica,Energia elétrica,Tradicional
Emae,EMAE3,Utilidade pública,Energia elétrica,Energia elétrica,Tradicional
Emae,EMAE4,Utilidade pública,Energia elétrica,Energia elétrica,Tradicional
Embraer,EMBR3,Bens industriais,Material de transporte,Material aeronáutico e de defesa,Novo Mercado
Enauta Part,ENAT3,Petróleo gás e biocombustíveis,Petróleo gás e biocombustíveis,Exploração refino e distribuição,Novo Mercado
Encorpar,ECPR3,Consumo cíclico,Tecidos vestuário e calçados,Fios e tecidos,Tradicional
Encorpar,ECPR4,Consumo cíclico,Tecidos vestuário e calçados,Fios e tecidos,Tradicional
Energias BR,ENBR3,Utilidade pública,Energia elétrica,Energia elétrica,Novo Mercado
Energisa,ENGI3,Utilidade pública,Energia elétrica,Energia elétrica,Nível 2
Energisa,ENGI4,Utilidade pública,Energia elétrica,Energia elétrica,Nível 2
Energisa,ENGI11,Utilidade pública,Energia elétrica,Energia elétrica,Nível 2
Energisa Mt,ENMT3,Utilidade pública,Energia elétrica,Energia elétrica,Tradicional
Energisa Mt,ENMT4,Utilidade pública,Energia elétrica,Energia elétrica,Tradicional
Eneva,ENEV3,Utilidade pública,Energia elétrica,Energia elétrica,Novo Mercado
Engie Brasil,EGIE3,Utilidade pública,Energia elétrica,Energia elétrica,Novo Mercado
Eqtl Maranhao,EQMA3B,Utilidade pública,Energia elétrica,Energia elétrica,Balcão Organiz
Eqtl Maranhao,EQMA5B,Utilidade pública,Energia elétrica,Energia elétrica,Balcão Organizado
Eqtl Maranhao,EQMA6B,Utilidade pública,Energia elétrica,Energia elétrica,Balcão Organizado
Eqtl Para,EQPA3,Utilidade pública,Energia elétrica,Energia elétrica,Tradicional
Eqtl Para,EQPA5,Utilidade pública,Energia elétrica,Energia elétrica,Tradicional
Eqtl Para,EQPA6,Utilidade pública,Energia elétrica,Energia elétrica,Tradicional
Eqtl Para,EQPA7,Utilidade pública,Energia elétrica,Energia elétrica,Tradicional
Equatorial,EQTL3,Utilidade pública,Energia elétrica,Energia elétrica,Novo Mercado
Estrela,ESTR3,Consumo cíclico,Viagens e lazer,Brinquedos e jogos,Tradicional
Estrela,ESTR4,Consumo cíclico,Viagens e lazer,Brinquedos e jogos,Tradicional
Eternit,ETER3,Bens industriais,Construção e engenharia,Produtos para construção,Novo Mercado
Eucatex,EUCA3,Materiais básicos,Madeira e papel,Madeira,Nível 1
Eucatex,EUCA4,Materiais básicos,Madeira e papel,Madeira,Nível 1
Even,EVEN3,Consumo cíclico,Construção civil,Incorporações,Novo Mercado
Excelsior,BAUH3,Consumo não cíclico,Alimentos processados,Carnes e derivados,Tradicional
Excelsior,BAUH4,Consumo não cíclico,Alimentos processados,Carnes e derivados,Tradicional
Eztec,EZTC3,Consumo cíclico,Construção civil,Incorporações,Novo Mercado
Fer Heringer,FHER3,Materiais básicos,Químicos,Fertilizantes e defensivos,Novo Mercado
Ferbasa,FESA3,Materiais básicos,Siderurgia e metalurgia,Siderurgia,Nível 1
Ferbasa,FESA4,Materiais básicos,Siderurgia e metalurgia,Siderurgia,Nível 1
Finansinos,FNCN3,Financeiro,Intermediários financeiros,Soc. crédito e financiamento,Tradicional
Fleury,FLRY3,Saúde,Serviços médico-hospitalares análises e diagnósticos,Serviços médico-hospitalares análises e diagnósticos,Novo Mercado
Flex SA,FLEX3,Bens industriais,Serviços diversos,Serviços diversos,Bovespa Mais
Fras Le,FRAS3,Bens industriais,Material de transporte,Material rodoviário,Nível 1
Gafisa,GFSA3,Consumo cíclico,Construção civil,Incorporações,Novo Mercado
Gama Part,OPGM3B,Financeiro,Outros,Outros,Balcão Organizado
Generalshopp,GSHP3,Financeiro,Exploração de imóveis,Exploração de imóveis,Novo Mercado
Ger Paranap,GEPA3,Utilidade pública,Energia elétrica,Energia elétrica,Tradicional
Ger Paranap,GEPA4,Utilidade pública,Energia elétrica,Energia elétrica,Tradicional
Gerdau,GGBR3,Materiais básicos,Siderurgia e metalurgia,Siderurgia,Nível 1
Gerdau,GGBR4,Materiais básicos,Siderurgia e metalurgia,Siderurgia,Nível 1
Gerdau Met,GOAU3,Materiais básicos,Siderurgia e metalurgia,Siderurgia,Nível 1
Gerdau Met,GOAU4,Materiais básicos,Siderurgia e metalurgia,Siderurgia,Nível 1
Gol,GOLL4,Bens industriais,Transporte,Transporte aéreo,Nível 2
GP Invest,GPIV33,Financeiro,Serviços financeiros diversos,Gestão de recursos e investimentos,BDR nível 3
GPC Part,GPCP3,Materiais básicos,Químicos,Petroquímicos,Tradicional
GPC Part,GPCP4,Materiais básicos,Químicos,Petroquímicos,Tradicional
Grazziotin,CGRA3,Consumo cíclico,Comércio,Tecidos vestuário e calçados,Tradicional
Grazziotin,CGRA4,Consumo cíclico,Comércio,Tecidos vestuário e calçados,Tradicional
Grendene,GRND3,Consumo cíclico,Tecidos vestuário e calçados,Calçados,Novo Mercado
Grupo Natura,NTCO3,Consumo não cíclico,Produtos de uso pessoal e de limpeza,Produtos de uso pessoal,Novo Mercado
Guararapes,GUAR3,Consumo cíclico,Comércio,Tecidos vestuário e calçados,Tradicional
Habitasul,HBTS3,Financeiro,Exploração de imóveis,Holdings diversificadas,Tradicional
Habitasul,HBTS5,Financeiro,Exploração de imóveis,Holdings diversificadas,Tradicional
Habitasul,HBTS6,Financeiro,Exploração de imóveis,Holdings diversificadas,Tradicional
Haga SA,HAGA3,Bens industriais,Construção e engenharia,Produtos para construção,Tradicional
Haga SA,HAGA4,Bens industriais,Construção e engenharia,Produtos para construção,Tradicional
Hapvida,HAPV3,Saúde,Serviços médico-hospitalares análises e diagnósticos,Serviços médico-hospitalares análises e diagnósticos,Novo Mercado
Helbor,HBOR3,Consumo cíclico,Construção civil,Incorporações,Novo Mercado
Hercules,HETA3,Consumo cíclico,Utilidades domésticas,Utensílios domésticos,Tradicional
Hercules,HETA4,Consumo cíclico,Utilidades domésticas,Utensílios domésticos,Tradicional
Hoteis Othon,HOOT3,Consumo cíclico,Hotéis e restaurantes,Hotelaria,Tradicional
Hoteis Othon,HOOT4,Consumo cíclico,Hotéis e restaurantes,Hotelaria,Tradicional
Hypera,HYPE3,Saúde,Comércio e distribuição,Medicamentos e outros produtos,Novo Mercado
Ideiasnet,IDNT3,Tecnologia da informação,Serviços financeiros diversos,Programas e serviços,Tradicional
IGB SA,IGBR3,Consumo cíclico,Exploração de imóveis,Eletrodomésticos,Tradicional
Igua SA,IGSN3,Utilidade pública,Água e saneamento,Água e saneamento,Bovespa Mais
Iguatemi,IGTA3,Financeiro,Exploração de imóveis,Exploração de imóveis,Novo Mercado
Ihpardini,PARD3,Saúde,Serviços médico-hospitalares análises e diagnósticos,Serviços médico-hospitalares análises e diagnósticos,Novo Mercado
Imc SA,MEAL3,Consumo cíclico,Hotéis e restaurantes,Restaurante e similares,Novo Mercado
Ind Cataguas,CATA3,Consumo cíclico,Tecidos vestuário e calçados,Fios e tecidos,Tradicional
Ind Cataguas,CATA4,Consumo cíclico,Tecidos vestuário e calçados,Fios e tecidos,Tradicional
Inds Romi,ROMI3,Bens industriais,Máquinas e equipamentos,Máq. e equip. industriais,Novo Mercado
Indusval,IDVL3,Financeiro,Intermediários financeiros,Bancos,Nível 2
Indusval,IDVL4,Financeiro,Intermediários financeiros,Bancos,Nível 2
Inepar,INEP3,Bens industriais,Máquinas e equipamentos,Máq. e equip. industriais,Tradicional
Inepar,INEP4,Bens industriais,Máquinas e equipamentos,Máq. e equip. industriais,Tradicional
Inter SA,INNT3,Consumo cíclico,Construção civil,Incorporações,Bovespa Mais
Intermedica,GNDI3,Saúde,Serviços médico-hospitalares análises e diagnósticos,Serviços médico-hospitalares análises e diagnósticos,Novo Mercado
Invepar,IVPR3B,Bens industriais,Transporte,Exploração de rodovias,Balcão Organizado
Invepar,IVPR4B,Bens industriais,Transporte,Exploração de rodovias,Balcão Organizado
Invest Bemge,FIGE3,Financeiro,Outros,Outros,Tradicional
Invest Bemge,FIGE4,Financeiro,Outros,Outros,Tradicional
Iochp-Maxion,MYPK3,Consumo cíclico,Automóveis e motocicletas,Automóveis e motocicletas,Novo Mercado
Irbbrasil Re,IRBR3,Financeiro,Previdência e seguros,Seguradoras,Novo Mercado
Itausa,ITSA3,Financeiro,Intermediários financeiros,Bancos,Nível 1
Itausa,ITSA4,Financeiro,Intermediários financeiros,Bancos,Nível 1
ItauUnibanco,ITUB3,Financeiro,Intermediários financeiros,Bancos,Nível 1
ItauUnibanco,ITUB4,Financeiro,Intermediários financeiros,Bancos,Nível 1
J B Duarte,JBDU3,Financeiro,Outros,Holdings diversificadas,Tradicional
J B Duarte,JBDU4,Financeiro,Outros,Holdings diversificadas,Tradicional
JBS,JBSS3,Consumo não cíclico,Alimentos processados,Carnes e derivados,Novo Mercado
Jereissati,JPSA3,Financeiro,Exploração de imóveis,Exploração de imóveis,Tradicional
Jereissati,JPSA4,Financeiro,Exploração de imóveis,Exploração de imóveis,Tradicional
JHSF Part,JHSF3,Consumo cíclico,Construção civil,Incorporações,Novo Mercado
Joao Fortes,JFEN3,Consumo cíclico,Construção civil,Incorporações,Tradicional
Josapar,JOPA3,Consumo não cíclico,Alimentos processados,Alimentos diversos,Tradicional
Josapar,JOPA4,Consumo não cíclico,Alimentos processados,Alimentos diversos,Tradicional
JSL,JSLG3,Bens industriais,Transporte,Transporte rodoviário,Novo Mercado
Karsten,CTKA3,Consumo cíclico,Tecidos vestuário e calçados,Fios e tecidos,Tradicional
Karsten,CTKA4,Consumo cíclico,Tecidos vestuário e calçados,Fios e tecidos,Tradicional
Kepler Weber,KEPL3,Bens industriais,Máquinas e equipamentos,Máq. e equip. industriais,Tradicional
Klabin SA,KLBN3,Materiais básicos,Madeira e papel,Papel e celulose,Nível 2
Klabin SA,KLBN4,Materiais básicos,Madeira e papel,Papel e celulose,Nível 2
Klabin SA,KLBN11,Materiais básicos,Madeira e papel,Papel e celulose,Nível 2
Le Lis Blanc,LLIS3,Consumo cíclico,Comércio,Tecidos vestuário e calçados,Novo Mercado
Lifemed,LMED3,-,-,-,Bovespa Mais
Light SA,LIGT3,Utilidade pública,Energia elétrica,Energia elétrica,Novo Mercado
Linx,LINX3,Tecnologia da informação,Programas e serviços,Programas e serviços,Novo Mercado
Liq,LIQO3,Bens industriais,Serviços diversos,Serviços diversos,Novo Mercado
Litel,LTEL3B,Materiais básicos,Mineração,Minerais metálicos,Balcão Organizado
Litel,LTEL11B,Materiais básicos,Mineração,Minerais metálicos,Balcão Organizado
Litela,LTLA3B,Materiais básicos,Mineração,Minerais metálicos,Balcão Organizado
Localiza,RENT3,Consumo cíclico,Diversos,Aluguel de carros,Novo Mercado
Locamerica,LCAM3,Consumo cíclico,Diversos,Aluguel de carros,Novo Mercado
Locaweb,LWSA3,Tecnologia da informação,Programas e serviços,Programas e serviços,Novo Mercado
Log Com Prop,LOGG3,Financeiro,Exploração de imóveis,Exploração de imóveis,Novo Mercado
Log-In,LOGN3,Bens industriais,Transporte,Transporte hidroviário,Novo Mercado
Lojas Americ,LAME3,Consumo cíclico,Comércio,Produtos diversos,Nível 1
Lojas Americ,LAME4,Consumo cíclico,Comércio,Produtos diversos,Nível 1
Lojas Marisa,AMAR3,Consumo cíclico,Comércio,Tecidos vestuário e calçados,Novo Mercado
Lojas Renner,LREN3,Consumo cíclico,Comércio,Tecidos vestuário e calçados,Novo Mercado
Longdis,SPRT3B,Financeiro,Outros,Outros,Balcão Organizado
Lopes Brasil,LPSB3,Financeiro,Exploração de imóveis,Intermediação imobiliária,Novo Mercado
Lupatech,LUPA3,Petróleo gás e biocombustíveis,Petróleo gás e biocombustíveis,Equipamentos e serviços,Novo Mercado
M Diasbranco,MDIA3,Consumo não cíclico,Alimentos processados,Alimentos diversos,Novo Mercado
Maestroloc,MSRO3,Consumo cíclico,Diversos,Aluguel de carros,Bovespa Mais
Magaz Luiza,MGLU3,Consumo cíclico,Comércio,Eletrodomésticos,Novo Mercado
Mangels Indl,MGEL3,Materiais básicos,Siderurgia e metalurgia,Artefatos de ferro e aço,Tradicional
Mangels Indl,MGEL4,Materiais básicos,Siderurgia e metalurgia,Artefatos de ferro e aço,Tradicional
Marcopolo,POMO3,Bens industriais,Material de transporte,Material rodoviário,Nível 2
Marcopolo,POMO4,Bens industriais,Material de transporte,Material rodoviário,Nível 2
Marfrig,MRFG3,Consumo não cíclico,Alimentos processados,Carnes e derivados,Novo Mercado
Melhor SP,MSPA3,Consumo cíclico,Madeira e papel,Jornais livros e revistas,Tradicional
Melhor SP,MSPA4,Consumo cíclico,Madeira e papel,Jornais livros e revistas,Tradicional
Mendes Jr,MEND3,Bens industriais,Construção e engenharia,Construção pesada,Tradicional
Mendes Jr,MEND5,Bens industriais,Construção e engenharia,Construção pesada,Tradicional
Mendes Jr,MEND6,Bens industriais,Construção e engenharia,Construção pesada,Tradicional
Menezes Cort,MNZC3B,Financeiro,Exploração de imóveis,Exploração de imóveis,Balcão Organizado
Merc Brasil,BMEB3,Financeiro,Intermediários financeiros,Bancos,Tradicional
Merc Brasil,BMEB4,Financeiro,Intermediários financeiros,Bancos,Tradicional
Merc Financ,MERC3,Financeiro,Intermediários financeiros,Soc. crédito e financiamento,Tradicional
Merc Financ,MERC4,Financeiro,Intermediários financeiros,Soc. crédito e financiamento,Tradicional
Merc Invest,BMIN3,Financeiro,Intermediários financeiros,Bancos,Tradicional
Merc Invest,BMIN4,Financeiro,Intermediários financeiros,Bancos,Tradicional
Metal Iguacu,MTIG3,Materiais básicos,Embalagens,Embalagens,Tradicional
Metal Iguacu,MTIG4,Materiais básicos,Embalagens,Embalagens,Tradicional
Metal Leve,LEVE3,Consumo cíclico,Automóveis e motocicletas,Automóveis e motocicletas,Novo Mercado
Metalfrio,FRIO3,Bens industriais,Máquinas e equipamentos,Máq. e equip. industriais,Novo Mercado
Metisa,MTSA3,Bens industriais,Máquinas e equipamentos,Máq. e equip. construção e agrícolas,Tradicional
Metisa,MTSA4,Bens industriais,Máquinas e equipamentos,Máq. e equip. construção e agrícolas,Tradicional
Mills,MILS3,Bens industriais,Construção e engenharia,Serviços diversos,Novo Mercado
Minasmaquinas,MMAQ3,Bens industriais,Comércio,Material de transporte,Tradicional
Minasmaquinas,MMAQ4,Bens industriais,Comércio,Material de transporte,Tradicional
Minerva,BEEF3,Consumo não cíclico,Alimentos processados,Carnes e derivados,Novo Mercado
Minupar,MNPR3,Consumo não cíclico,Alimentos processados,Carnes e derivados,Tradicional
Mitre,MTRE3,Consumo não cíclico,Construção civil,Incorporações,Novo Mercado
MMX Miner,MMXM3,Materiais básicos,Mineração,Minerais metálicos,Novo Mercado
Mont Aranha,MOAR3,Financeiro,Holdings diversificadas,Holdings diversificadas,Tradicional
Movida,MOVI3,Consumo cíclico,Diversos,Aluguel de carros,Novo Mercado
Mrs Logist,MRSA3B,Bens industriais,Transporte,Transporte ferroviário,Balcão Organizado
Mrs Logist,MRSA5B,Bens industriais,Transporte,Transporte ferroviário,Balcão Organizado
Mrs Logist,MRSA6B,Bens industriais,Transporte,Transporte ferroviário,Balcão Organizado
MRV,MRVE3,Consumo cíclico,Construção civil,Incorporações,Novo Mercado
Multiplan,MULT3,Financeiro,Exploração de imóveis,Exploração de imóveis,Nível 2
Mundial,MNDL3,Consumo cíclico,Tecidos vestuário e calçados,Acessórios,Tradicional
Nadir Figuei,NAFG3,Consumo cíclico,Utilidades domésticas,Utensílios domésticos,Tradicional
Nadir Figuei,NAFG4,Consumo cíclico,Utilidades domésticas,Utensílios domésticos,Tradicional
Neoenergia,NEOE3,Utilidade pública,Energia elétrica,Energia elétrica,Novo Mercado
Nord Brasil,BNBR3,Financeiro,Intermediários financeiros,Bancos,Tradicional
Nordon Met,NORD3,Bens industriais,Máquinas e equipamentos,Máq. e equip. industriais,Tradicional
Nortcquimica,NRTQ3,Saúde,Medicamentos e outros produtos,Medicamentos e outros produtos,Bovespa Mais
Nutriplant,NUTR3,Materiais básicos,Químicos,Fertilizantes e defensivos,Bovespa Mais
Oderich,ODER3,Consumo não cíclico,Alimentos processados,Alimentos diversos,Tradicional
Oderich,ODER4,Consumo não cíclico,Alimentos processados,Alimentos diversos,Tradicional
Odontoprev,ODPV3,Saúde,Serviços médico-hospitalares análises e diagnósticos,Serviços médico-hospitalares análises e diagnósticos,Novo Mercado
Oi,OIBR3,Comunicações,Telecomunicações,Telecomunicações,Nível 1
Oi,OIBR4,Comunicações,Telecomunicações,Telecomunicações,Nível 1
Omega Ger,OMGE3,Utilidade pública,Energia elétrica,Energia elétrica,Novo Mercado
Opport Energ,OPHE3B,Financeiro,Outros,Outros,Balcão Organizado
OSX Brasil,OSXB3,Petróleo gás e biocombustíveis,Petróleo gás e biocombustíveis,Equipamentos e serviços,Novo Mercado
Ourofino S/A,OFSA3,Saúde,Medicamentos e outros produtos,Medicamentos e outros produtos,Novo Mercado
PaoAcucar,PCAR3,Consumo não cíclico,Comércio e distribuição,Alimentos,Nível 1
PaoAcucar,PCAR4,Consumo não cíclico,Comércio e distribuição,Alimentos,Nível 1
Panatlantica,PATI3,Materiais básicos,Siderurgia e metalurgia,Artefatos de ferro e aço,Tradicional
Panatlantica,PATI4,Materiais básicos,Siderurgia e metalurgia,Artefatos de ferro e aço,Tradicional
Par Al Bahia,PEAB3,Financeiro,Holdings diversificadas,Holdings diversificadas,Tradicional
Par Al Bahia,PEAB4,Financeiro,Holdings diversificadas,Holdings diversificadas,Tradicional
Paranapanema,PMAM3,Materiais básicos,Siderurgia e metalurgia,Artefatos de cobre,Novo Mercado
PDG Realt,PDGR3,Consumo cíclico,Construção civil,Incorporações,Novo Mercado
Pet Manguinh,RPMG3,Petróleo gás e biocombustíveis,Petróleo gás e biocombustíveis,Exploração refino e distribuição,Tradicional
Petrobras,PETR3,Petróleo gás e biocombustíveis,Petróleo gás e biocombustíveis,Exploração refino e distribuição,Nível 2
Petrobras,PETR4,Petróleo gás e biocombustíveis,Petróleo gás e biocombustíveis,Exploração refino e distribuição,Nível 2
Petrobras BR,BRDT3,Petróleo gás e biocombustíveis,Petróleo gás e biocombustíveis,Exploração refino e distribuição,Novo Mercado
Petrorio,PRIO3,Petróleo gás e biocombustíveis,Petróleo gás e biocombustíveis,Exploração refino e distribuição,Novo Mercado
Pettenati,PTNT3,Consumo cíclico,Tecidos vestuário e calçados,Fios e tecidos,Tradicional
Pettenati,PTNT4,Consumo cíclico,Tecidos vestuário e calçados,Fios e tecidos,Tradicional
Pine,PINE3,Financeiro,Intermediários financeiros,Bancos,Nível 2
Pine,PINE4,Financeiro,Intermediários financeiros,Bancos,Nível 2
Plascar Part,PLAS3,Consumo cíclico,Automóveis e motocicletas,Automóveis e motocicletas,Tradicional
Polpar,PPAR3,Financeiro,Outros,Outros,Tradicional
Pomifrutas,FRTA3,Consumo não cíclico,Agropecuária,Agricultura,Novo Mercado
Porto Seguro,PSSA3,Financeiro,Previdência e seguros,Seguradoras,Novo Mercado
Portobello,PTBL3,Bens industriais,Construção e engenharia,Produtos para construção,Novo Mercado
Positivo Tec,POSI3,Tecnologia da informação,Computadores e equipamentos,Computadores e equipamentos,Novo Mercado
Ppla,PPLA11,Financeiro,Serviços financeiros diversos,Gestão de recursos e investimentos,Tradicional
Pratica,PTCA3,Bens industriais,Máquinas e equipamentos,Máq. e equip. industriais,Bovespa Mais Nível 2
Pratica,PTCA11,Bens industriais,Máquinas e equipamentos,Máq. e equip. industriais,Bovespa Mais Nível 2
Priner,PRNR3,Bens industriais,Serviços diversos,Serviços diversos,Bovespa Mais
Profarma,PFRM3,Saúde,Comércio e distribuição,Medicamentos e outros produtos,Novo Mercado
Prompt,PRPT3B,Financeiro,Outros,Outros,Balcão Organizado
Qualicorp,QUAL3,Saúde,Serviços médico-hospitalares análises e diagnósticos,Serviços médico-hospitalares análises e diagnósticos,Novo Mercado
Quality Soft,QUSW3,Tecnologia da informação,Programas e serviços,Programas e serviços,Bovespa Mais
RaiaDrogasil,RADL3,Saúde,Comércio e distribuição,Medicamentos e outros produtos,Novo Mercado
Randon Part,RAPT3,Bens industriais,Material de transporte,Material rodoviário,Nível 1
Randon Part,RAPT4,Bens industriais,Material de transporte,Material rodoviário,Nível 1
Recrusul,RCSL3,Bens industriais,Material de transporte,Material rodoviário,Tradicional
Recrusul,RCSL4,Bens industriais,Material de transporte,Material rodoviário,Tradicional
Rede Energia,REDE3,Utilidade pública,Energia elétrica,Energia elétrica,Tradicional
Rede Energia,REDE4,Utilidade pública,Energia elétrica,Energia elétrica,Tradicional
Renova,RNEW3,Utilidade pública,Energia elétrica,Energia elétrica,Nível 2
Renova,RNEW4,Utilidade pública,Energia elétrica,Energia elétrica,Nível 2
Renova,RNEW11,Utilidade pública,Energia elétrica,Energia elétrica,Nível 2
Riosulense,RSUL3,Bens industriais,Material de transporte,Material rodoviário,Tradicional
Riosulense,RSUL4,Bens industriais,Material de transporte,Material rodoviário,Tradicional
Rni,RDNI3,Consumo cíclico,Construção civil,Incorporações,Novo Mercado
Rossi Resid,RSID3,Consumo cíclico,Construção civil,Incorporações,Novo Mercado
Rumo SA,RAIL3,Bens industriais,Transporte,Transporte ferroviário,Novo Mercado
Sabesp,SBSP3,Utilidade pública,Água e saneamento,Água e saneamento,Novo Mercado
Sanepar,SAPR3,Utilidade pública,Água e saneamento,Água e saneamento,Nível 2
Sanepar,SAPR4,Utilidade pública,Água e saneamento,Água e saneamento,Nível 2
Sanepar,SAPR11,Utilidade pública,Água e saneamento,Água e saneamento,Nível 2
Sansuy,SNSY3,Materiais básicos,Materiais diversos,Materiais diversos,Tradicional
Sansuy,SNSY5,Materiais básicos,Materiais diversos,Materiais diversos,Tradicional
Sansuy,SNSY6,Materiais básicos,Materiais diversos,Materiais diversos,Tradicional
Santander BR,SANB3,Financeiro,Intermediários financeiros,Bancos,Tradicional
Santander BR,SANB4,Financeiro,Intermediários financeiros,Bancos,Tradicional
Santander BR,SANB11,Financeiro,Intermediários financeiros,Bancos,Tradicional
Santanense,CTSA3,Consumo cíclico,Tecidos vestuário e calçados,Fios e tecidos,Tradicional
Santanense,CTSA4,Consumo cíclico,Tecidos vestuário e calçados,Fios e tecidos,Tradicional
Santanense,CTSA8,Consumo cíclico,Tecidos vestuário e calçados,Fios e tecidos,Tradicional
Santos Brp,STBP3,Bens industriais,Transporte,Serviços de apoio e armazenagem,Novo Mercado
Sao Carlos,SCAR3,Financeiro,Exploração de imóveis,Exploração de imóveis,Novo Mercado
Sao Martinho,SMTO3,Consumo não cíclico,Alimentos processados,Açúcar e álcool,Novo Mercado
Saraiva Livr,SLED3,Consumo cíclico,Comércio,Produtos diversos,Nível 2
Saraiva Livr,SLED4,Consumo cíclico,Comércio,Produtos diversos,Nível 2
Schulz,SHUL3,Bens industriais,Máquinas e equipamentos,Motores compressores e outros,Tradicional
Schulz,SHUL4,Bens industriais,Máquinas e equipamentos,Motores compressores e outros,Tradicional
Seg Al Bahia,CSAB3,Financeiro,Previdência e seguros,Seguradoras,Tradicional
Seg Al Bahia,CSAB4,Financeiro,Previdência e seguros,Seguradoras,Tradicional
Selectpart,SLCT3B,Financeiro,Outros,Outros,Balcão Organizado
Ser Educa,SEER3,Consumo cíclico,Diversos,Serviços educacionais,Novo Mercado
Sid Nacional,CSNA3,Materiais básicos,Siderurgia e metalurgia,Siderurgia,Tradicional
Sinqia,SQIA3,Tecnologia da informação,Programas e serviços,Programas e serviços,Novo Mercado
SLC Agricola,SLCE3,Consumo não cíclico,Agropecuária,Agricultura,Novo Mercado
Smart Fit,SMFT3,Consumo cíclico,Viagens e lazer,Atividades esportivas,Bovespa Mais Nível 2
Smart Fit,SMFT13,Consumo cíclico,Viagens e lazer,Atividades esportivas,Bovespa Mais Nível 2
Smart Fit,SMFT14,Consumo cíclico,Viagens e lazer,Atividades esportivas,Bovespa Mais Nível 2
Smart Fit,SMFT15,Consumo cíclico,Viagens e lazer,Atividades esportivas,Bovespa Mais Nível 2
Smart Fit,SMFT6,Consumo cíclico,Viagens e lazer,Atividades esportivas,Bovespa Mais Nível 2
Smart Fit,SMFT11,Consumo cíclico,Viagens e lazer,Atividades esportivas,Bovespa Mais Nível 2
Smart Fit,SMFT12,Consumo cíclico,Viagens e lazer,Atividades esportivas,Bovespa Mais Nível 2
Smiles,SMLS3,Consumo cíclico,Diversos,Programas de fidelização,Novo Mercado
Sondotecnica,SOND3,Bens industriais,Construção e engenharia,Engenharia consultiva,Tradicional
Sondotecnica,SOND5,Bens industriais,Construção e engenharia,Engenharia consultiva,Tradicional
Sondotecnica,SOND6,Bens industriais,Construção e engenharia,Engenharia consultiva,Tradicional
Springer,SPRI3,Financeiro,Holdings diversificadas,Holdings diversificadas,Tradicional
Springer,SPRI5,Financeiro,Holdings diversificadas,Holdings diversificadas,Tradicional
Springer,SPRI6,Financeiro,Holdings diversificadas,Holdings diversificadas,Tradicional
Springs,SGPS3,Consumo cíclico,Tecidos vestuário e calçados,Fios e tecidos,Novo Mercado
SPturis,AHEB3,Consumo cíclico,Viagens e lazer,Produção de eventos e shows,Tradicional
SPturis,AHEB5,Consumo cíclico,Viagens e lazer,Produção de eventos e shows,Tradicional
SPturis,AHEB6,Consumo cíclico,Viagens e lazer,Produção de eventos e shows,Tradicional
Stara,STTR3,Bens industriais,Máquinas e equipamentos,Máq. e equip. construção e agrícolas,Bovespa Mais
Statkraft,STKF3,Utilidade pública,Energia elétrica,Energia elétrica,Tradicional
Sudeste,OPSE3B,Financeiro,Outros,Outros,Balcão Organizado
Sul 116 Part,OPTS3B,Financeiro,Outros,Outros,Balcão Organizado
Sul America,SULA3,Financeiro,Previdência e seguros,Seguradoras,Nível 2
Sul America,SULA4,Financeiro,Previdência e seguros,Seguradoras,Nível 2
Sul America,SULA11,Financeiro,Previdência e seguros,Seguradoras,Nível 2
Suzano Hold,NEMO3,Materiais básicos,Madeira e papel,Papel e celulose,Tradicional
Suzano Hold,NEMO5,Materiais básicos,Madeira e papel,Papel e celulose,Tradicional
Suzano Hold,NEMO6,Materiais básicos,Madeira e papel,Papel e celulose,Tradicional
Suzano SA,SUZB3,Materiais básicos,Madeira e papel,Papel e celulose,Novo Mercado
Taesa,TAEE3,Utilidade pública,Energia elétrica,Energia elétrica,Nível 2
Taesa,TAEE4,Utilidade pública,Energia elétrica,Energia elétrica,Nível 2
Taesa,TAEE11,Utilidade pública,Energia elétrica,Energia elétrica,Nível 2
Taurus Armas,TASA3,Bens industriais,Máquinas e equipamentos,Armas e munições,Nível 2
Taurus Armas,TASA4,Bens industriais,Máquinas e equipamentos,Armas e munições,Nível 2
Technos,TECN3,Consumo cíclico,Tecidos vestuário e calçados,Acessórios,Novo Mercado
Tecnisa,TCSA3,Consumo cíclico,Construção civil,Incorporações,Novo Mercado
Tecnosolo,TCNO3,Bens industriais,Construção e engenharia,Engenharia consultiva,Tradicional
Tecnosolo,TCNO4,Bens industriais,Construção e engenharia,Engenharia consultiva,Tradicional
Tegma,TGMA3,Bens industriais,Transporte,Transporte rodoviário,Novo Mercado
Teka,TEKA3,Consumo cíclico,Tecidos vestuário e calçados,Fios e tecidos,Tradicional
Teka,TEKA4,Consumo cíclico,Tecidos vestuário e calçados,Fios e tecidos,Tradicional
Tekno,TKNO3,Materiais básicos,Siderurgia e metalurgia,Artefatos de ferro e aço,Tradicional
Tekno,TKNO4,Materiais básicos,Siderurgia e metalurgia,Artefatos de ferro e aço,Tradicional
Telebras,TELB3,Comunicações,Telecomunicações,Telecomunicações,Tradicional
Telebras,TELB4,Comunicações,Telecomunicações,Telecomunicações,Tradicional
Telef Brasil,VIVT3,Comunicações,Telecomunicações,Telecomunicações,Tradicional
Telef Brasil,VIVT4,Comunicações,Telecomunicações,Telecomunicações,Tradicional
Tenda,TEND3,Consumo cíclico,Construção civil,Incorporações,Novo Mercado
Terra Santa,TESA3,Consumo não cíclico,Agropecuária,Agricultura,Novo Mercado
Tex Renaux,TXRX3,Consumo cíclico,Tecidos vestuário e calçados,Fios e tecidos,Tradicional
Tex Renaux,TXRX4,Consumo cíclico,Tecidos vestuário e calçados,Fios e tecidos,Tradicional
Tim Part SA,TIMP3,Comunicações,Telecomunicações,Telecomunicações,Novo Mercado
Time For Fun,SHOW3,Consumo cíclico,Viagens e lazer,Produção de eventos e shows,Novo Mercado
Totvs,TOTS3,Tecnologia da informação,Programas e serviços,Programas e serviços,Novo Mercado
Tran Paulist,TRPL3,Utilidade pública,Energia elétrica,Energia elétrica,Nível 1
Tran Paulist,TRPL4,Utilidade pública,Energia elétrica,Energia elétrica,Nível 1
Trevisa,LUXM3,Bens industriais,Transporte,Transporte hidroviário,Tradicional
Trevisa,LUXM4,Bens industriais,Transporte,Transporte hidroviário,Tradicional
Trisul,TRIS3,Consumo cíclico,Construção civil,Incorporações,Novo Mercado
Triunfo Part,TPIS3,Bens industriais,Transporte,Exploração de rodovias,Novo Mercado
Tupy,TUPY3,Bens industriais,Material de transporte,Material rodoviário,Novo Mercado
Ultrapar,UGPA3,Petróleo gás e biocombustíveis,Petróleo gás e biocombustíveis,Exploração refino e distribuição,Novo Mercado
Unicasa,UCAS3,Consumo cíclico,Utilidades domésticas,Móveis,Novo Mercado
Unipar,UNIP3,Materiais básicos,Químicos,Químicos diversos,Tradicional
Unipar,UNIP5,Materiais básicos,Químicos,Químicos diversos,Tradicional
Unipar,UNIP6,Materiais básicos,Químicos,Químicos diversos,Tradicional
Uptick,UPKP3B,Utilidade pública,Energia elétrica,Energia elétrica,Balcão Organizado
Usiminas,USIM3,Materiais básicos,Siderurgia e metalurgia,Siderurgia,Nível 1
Usiminas,USIM5,Materiais básicos,Siderurgia e metalurgia,Siderurgia,Nível 1
Usiminas,USIM6,Materiais básicos,Siderurgia e metalurgia,Siderurgia,Nível 1
Vale,VALE3,Materiais básicos,Mineração,Minerais metálicos,Novo Mercado
Valid,VLID3,Bens industriais,Serviços diversos,Serviços diversos,Novo Mercado
Viavarejo,VVAR3,Consumo cíclico,Comércio,Eletrodomésticos,Novo Mercado
Vivara SA,VIVA3,Consumo cíclico,Tecidos vestuário e calçados,Acessórios,Novo Mercado
Viver,VIVR3,Consumo cíclico,Construção civil,Incorporações,Novo Mercado
Vulcabras,VULC3,Consumo cíclico,Tecidos vestuário e calçados,Calçados,Novo Mercado
Weg,WEGE3,Bens industriais,Máquinas e equipamentos,Motores compressores e outros,Novo Mercado
Wetzel SA,MWET3,Bens industriais,Material de transporte,Material rodoviário,Tradicional
Wetzel SA,MWET4,Bens industriais,Material de transporte,Material rodoviário,Tradicional
Whirlpool,WHRL3,Consumo cíclico,Utilidades domésticas,Eletrodomésticos,Tradicional
Whirlpool,WHRL4,Consumo cíclico,Utilidades domésticas,Eletrodomésticos,Tradicional
Wilson Sons,WSON33,Bens industriais,Transporte,Serviços de apoio e armazenagem,BDR nível 3
Wiz SA,WIZS3,Financeiro,Previdência e seguros,Corretoras de seguros,Novo Mercado
Wlm Ind Com,WLMM3,Bens industriais,Comércio,Material de transporte,Tradicional
Wlm Ind Com,WLMM4,Bens industriais,Comércio,Material de transporte,Tradicional
Yduqs Part,YDUQ3,Consumo cíclico,Diversos,Serviços educacionais,Novo Mercado
BERKSHIRE,BERK34, -, -, -,BDR
BOEING,BOEI34, -, -, -,BDR
DOWDUPONT,DWDP34, -, -, -,BDR
AMERICANEXP,AXPB34, -, -, -,BDR
LOCKHEED,LMTB34, -, -, -,BDR
XEROXCORP,XRXB34, -, -, -,BDR
VISAINC,VISA34, -, -, -,BDR
HPCOMPANY,HPQB34, -, -, -,BDR
HONEYWELL,HONB34, -, -, -,BDR
STARBUCKS,SBUB34, -, -, -,BDR
BRISTOLMYERS,BMYB34, -, -, -,BDR
JOHNSON,JNJB34, -, -, -,BDR
WALTDISNEY,DISB34, -, -, -,BDR
PEPSICOINC,PEPB34, -, -, -,BDR
IBM,IBMB34, -, -, -,BDR
FEDEXCORP,FDXB34, -, -, -,BDR
MORGANSTAN,MSBR34, -, -, -,BDR
ATTINC,ATTB34, -, -, -,BDR
FEMSA,FMXB34, -, -, -,BDR
GENDYNAMICS,GDBR34, -, -, -,BDR
KIMBERLYCL,KMBB34, -, -, -,BDR
METLIFEINC,METB34, -, -, -,BDR
TARGETCORP,TGTB34, -, -, -,BDR
TEXASINC,TEXA34, -, -, -,BDR
ACCENTURE,ACNB34, -, -, -,BDR
BNYMELLON,BONY34, -, -, -,BDR
KRAFTHEINZ,KHCB34, -, -, -,BDR
AETNAINC,AETB34, -, -, -,BDR
AIGGROUP,AIGB34, -, -, -,BDR
DUKEENERGY,DUKB34, -, -, -,BDR
CISCO,CSCO34, -, -, -,BDR
FORDMOTORS,FDMO34, -, -, -,BDR
CITIGROUP,CTGP34, -, -, -,BDR
WELLSFARGO,WFCO34, -, -, -,BDR
AMGEN,AMGN34, -, -, -,BDR
QUALCOMM,QCOM34, -, -, -,BDR
HALLIBURTON,HALI34, -, -, -,BDR
MERCK,MRCK34, -, -, -,BDR
NETFLIX,NFLX34, -, -, -,BDR
GE,GEOO34, -, -, -,BDR
FREEPORT,FCXO34, -, -, -,BDR
PG,PGCO34, -, -, -,BDR
INTEL,ITLC34, -, -, -,BDR
MICROSOFT,MSFT34, -, -, -,BDR
VERIZON,VERZ34, -, -, -,BDR
COMCAST,CMCS34, -, -, -,BDR
CELGENECORP,CLGN34, -, -, -,BDR
FACEBOOK,FBOK34, -, -, -,BDR
BANKAMERICA,BOAC34, -, -, -,BDR
JPMORGAN,JPMC34, -, -, -,BDR
EBAY,EBAY34, -, -, -,BDR
EXXONMOBIL,EXXO34, -, -, -,BDR
COPHILLIPS,COPH34, -, -, -,BDR
APPLE,AAPL34, -, -, -,BDR
PFIZER,PFIZ34, -, -, -,BDR
ABBOTT,ABTT34, -, -, -,BDR
LILLY,LILY34, -, -, -,BDR
ARCELOR,ARMT34, -, -, -,BDR
3M,MMMC34, -, -, -,BDR
HOMEDEPOT,HOME34, -, -, -,BDR
AVON,AVON34, -, -, -,BDR
MCDONALDS,MCDC34, -, -, -,BDR
UPS,UPSS34, -, -, -,BDR
GOLDMANSACHS,GSGI34, -, -, -,BDR
WALMART,WALM34, -, -, -,BDR
TWITTER,TWTR34, -, -, -,BDR
LBRANDS,LBRN34, -, -, -,BDR
MONDELEZINT,MDLZ34, -, -, -,BDR
MOSAICCO,MOSC34, -, -, -,BDR
UNIONPACIFIC,UPAC34, -, -, -,BDR
WESTERNUNION,WUNI34, -, -, -,BDR
COTYINC,COTY34, -, -, -,BDR
HERSHEYCO,HSHY34, -, -, -,BDR
BOSTONPROP,BOXP34, -, -, -,BDR
DANAHERCORP,DHER34, -, -, -,BDR
ABBVIE,ABBV34, -, -, -,BDR
BLACKROCK,BLAK34, -, -, -,BDR
COGNIZANT,CTSH34, -, -, -,BDR
COSTCO,COWC34, -, -, -,BDR
CVSHEALTH,CVSH34, -, -, -,BDR
DELTA,DEAI34, -, -, -,BDR
EXPRESCRIPTS,ESRX34, -, -, -,BDR
GILEAD,GILD34, -, -, -,BDR
MACYS,MACY34, -, -, -,BDR
ROSSSTORES,ROST34, -, -, -,BDR
SALESFORCE,SSFO34, -, -, -,BDR
SCHWAB,SCHW34, -, -, -,BDR
GAP,GPSI34, -, -, -,BDR
TRAVELERS,TRVC34, -, -, -,BDR
THERMFISCHER,TMOS34, -, -, -,BDR
BIOGEN,BIIB34, -, -, -,BDR
MEDTRONIC,MDTC34, -, -, -,BDR
ALPHABET,GOGL34, -, -, -,BDR
ALPHABET,GOGL35, -, -, -,BDR
CHESAPEAKE,CHKE34, -, -, -,BDR
SPRINT,SPRN34, -, -, -,BDR
ARCONIC,ARNC34, -, -, -,BDR
TRANSOCEAN,RIGG34, -, -, -,BDR
JCPENNEY,JCPC34, -, -, -,BDR
SANCHEZENER,SANC34, -, -, -,BDR
USSTEEL,USSX34, -, -, -,BDR
GENERALMOT,GMCO34, -, -, -,BDR
GOPRO,GPRO34, -, -, -,BDR
VALEROENER,VLOE34, -, -, -,BDR
UBSGROUP,UBSG34, -, -, -,BDR
AMERICANAIR,AALL34, -, -, -,BDR
FIRSTSOLAR,FSLR34, -, -, -,BDR
BESTBUY,BBYY34, -, -, -,BDR
TESLAMOTORS,TSLA34, -, -, -,BDR
NIKE,NIKE34, -, -, -,BDR
CATERPILLAR,CATP34, -, -, -,BDR
AMAZON,AMZO34, -, -, -,BDR
CHEVRON,CHVX34, -, -, -,BDR
SCHLUMBERGER,SLBG34, -, -, -,BDR
MASTERCARD,MSCD34, -, -, -,BDR
COLGATE,COLG34, -, -, -,BDR
COCACOLA,COCA34, -, -, -,BDR
ORACLE,ORCL34, -, -, -,BDR
TIFFANY,TIFF34, -, -, -,BDR
UNITEDTECH,UTEC34, -, -, -,BDR
USBANCORP,USBC34, -, -, -,BDR
